Title;Synopsis;Begin;Final;Missing;Complete;Author;Editor;Date;Genre;
Evangelion;En l'an 2000, une gigantesque explosion se produit en Antarctique, provoquant un cataclysme (raz-de-marée, fonte des calottes polaires) qui dévaste une grande partie de la planète. Les autorités déclarent que cette catastrophe est due à la chute d'un astéroïde. Quinze ans plus tard, l'Humanité a surmonté cet événement, appelé le Second Impact. Mais de mystérieuses créatures nommées Anges font leur apparition, et tentent de détruire Tokyo-3, la nouvelle capitale-forteresse du Japon construite après le Second Impact. Pour les combattre, l'organisation secrète NERV a mis au point une arme ultime, l'« Evangelion » ou « EVA », géant anthropoïde piloté comme une simple mécanique, mais en réalité créature bien mystérieuse. Shinji Ikari, quatorze ans, se rend à Tokyo-3 sur invitation de son père, qu'il n'a pas revu depuis 10 ans. Il est loin de se douter qu'il sera impliqué dans un conflit qui pourrait bien signifier la fin de l'humanité quoi qu'il arrive…;1;13;-;FALSE;Hideaki Anno;Glénat;1994;"Mécha; S-F";
GTO;"Eikichi Onizuka, 22 ans, « célibataire et libre comme l'air », est un jeune professeur au passé douteux qui est nommé pour son premier poste dans une classe difficile ; il montre rapidement une vision de l'enseignement totalement décalée avec les pratiques habituelles. Ses réactions anticonformistes et directes, souvent humoristiques, sont l'axe central de cette série. Il va évoluer avec cette classe, dont la spécialité est de faire craquer moralement leurs professeurs, en tentant de la rallier peu à peu à sa cause.";1;14;"3;5";FALSE;Fujisawa Tôru;Pika Édition;1997;"Shonen; Comédie; Drame";
Akira;Tokyo est détruite par une mystérieuse explosion en décembre 1982 et cela déclenche la Troisième Guerre mondiale, avec la destruction de nombreuses cités par des armes nucléaires. En 2019, Neo-Tokyo est une mégapole corrompue et sillonnée par des bandes de jeunes motards désœuvrés et drogués. Une nuit, l’un d'eux, Tetsuo, a un accident de moto en essayant d'éviter un étrange garçon qui se trouve sur son chemin. Blessé, Tetsuo est capturé par l’armée japonaise. Il est l’objet de nombreux tests dans le cadre d’un projet militaire ultra secret visant à repérer et former des êtres possédant des prédispositions à des pouvoirs psychiques (télépathie, téléportation, télékinésie, etc.). Les amis de Tetsuo, dont leur chef Kaneda, veulent savoir ce qui lui est arrivé, car quand il s’évade et se retrouve en liberté, il n’est plus le même… Tetsuo teste ses nouveaux pouvoirs et veut s’imposer comme un leader parmi les junkies, ce qui ne plaît pas à tout le monde, en particulier à Kaneda. En parallèle se nouent des intrigues politiques : l’armée essaye par tous les moyens de continuer le projet en espérant percer le secret de la puissance d’Akira, un enfant doté de pouvoirs psychiques extraordinaires (et de la maîtriser pour s'en servir par la suite), tandis que les politiciens ne voient pas l’intérêt de continuer à allouer de l’argent à un projet de plus de 30 ans qui n'a jamais rien rapporté. Le phénomène Akira suscite également l’intérêt d’un mouvement révolutionnaire qui veut se l’approprier à des fins religieuses (Akira serait considéré comme un « sauveur » par ses fidèles). Tetsuo va se retrouver malgré lui au centre d’une lutte entre les révolutionnaires et le pouvoir en place.;1;6;-;TRUE;Katsuhiro Ôtomo;Glénat;1982;"Seinen; S-F";
Nausicaä de la valée du vent;À force de puiser dans les ressources souterraines et de polluer la biosphère, la civilisation industrielle, vieille de mille ans, voit sa chute lors des « sept jours de feu ». Cette guerre, d'une rare violence, inflige de terribles dégâts anéantissant quasiment l'humanité et son savoir. Mille ans ont passé et l'humanité survit tant bien que mal, atteignant « l'âge de la céramique », en se contentant de dépouiller ou de réparer les vestiges du passé. Entre un vaste désert et la « Mer de la Décomposition » (fukai, gigantesque forêt produisant des spores toxiques qui propagent et répandent ainsi cet écosystème), quelques îlots de vie accueillent différentes communautés humaines. La fukai est protégée par des insectes géants, qui se sont adaptés à cet environnement pollué. Les « Ômus » (litt. « insecte-roi ») en sont les principaux représentants, par leur taille et leur sensibilité. La Vallée du vent est une zone protégée des spores par les vents marins, habitée par quelques centaines de personnes. De par une ancienne alliance, elle se voit impliquée dans une guerre entre l'empire Dork et l'empire Tolmèque, comme tous les clans et tribus associés à l'un des deux camps. La fille du roi Jill de la vallée du vent se retrouve au cœur de ces affrontements. Guidée par son amour de tous les êtres vivants, Nausicaä va progressivement devenir une figure majeure de ce conflit et tentera par tous les moyens de faire taire la guerre, sauver l'humanité et rétablir un équilibre entre l'homme et la nature.;1;7;-;TRUE;Hayao Miyazaki;Glénat;1982;"Seinen; Drame";
Trèfle;Ryû, ancien militaire qui a quitté le service pour des raisons de discipline, est rappelé par le général Koo. Elle lui demande d'escorter Suh, une jeune fille, vers un endroit qu'elle seule connaît. Mais ils se retrouvent au milieu d'une lutte entre plusieurs pays, qui veulent s'emparer du mystérieux pouvoir de Suh...;1;2;-;FALSE;Clamp;Pika Édition;1997;"Shojo; Fantasy";
Monster;"L'histoire débute en Allemagne en 1986, à l'Eisler Memorial Hospital de Düsseldorf. Kenzô Tenma, le personnage principal, est un jeune neurochirurgien japonais aux compétences hors normes. Il est fiancé à Eva Heineman, la fille du directeur de l'hôpital, et est destiné à une brillante carrière. Pourtant, un jour, il refuse de donner en priorité ses soins au maire de la ville et préfère opérer un garçon blessé d'une balle dans la tête, arrivé à l'hôpital avant le maire. La sœur jumelle du garçon, très choquée, est elle aussi hospitalisée ; leurs parents adoptifs viennent d'être assassinés sauvagement chez eux. Le garçon s'en sort, mais le maire, confié à un autre chirurgien, décède. Le Dr Tenma est alors rétrogradé par le directeur de l'hôpital, et sa fiancée le quitte. Peu de temps après, le garçon et sa sœur disparaissent, à la suite des meurtres mystérieux de trois hauts responsables de l'établissement, dont le directeur. Neuf ans plus tard, Tenma découvre l'auteur des meurtres : Johann, ce garçon de 10 ans qu'il avait sauvé semble être devenu un monstre semant la terreur autour de lui. C'est l'inspecteur Runge de la police criminelle — un homme rigide à tendance obsessionnelle — qui reprend en charge l'enquête après la police de province allemande ; il soupçonne évidemment Tenma, qui avait obtenu le poste de chef de service de chirurgie à la suite du décès de ses collègues. S'appuyant sur les faits plutôt que les rumeurs s'amplifiant autour de la personnalité du Dr Tenma, Rünge le poursuit sans relâche, tandis que ce dernier est à la recherche de Johann, pour l'arrêter. Au fil du récit, il est révélé que Johann et sa sœur Anna sont des enfants issus de pratiques eugénistes. Leur jeunesse traumatisante d'enfants-cobayes, parmi d'autres de l'orphelinat du Kinderheim511 est dévoilée par bribes au gré des épisodes, expliquant les objectifs apocalyptiques de Monster.";1;18;-;FALSE;Urasawa Naoki;Kana;1994;Seinen;
Tsubasa Reservoir Chronicle;Shaolan, fils adoptif de Fujitaka, un archéologue, fait des fouilles dans le désertique pays de Clow, où il découvre des vestiges mystérieux. Mais lorsque son amie d'enfance, dont il est amoureux, Sakura, princesse du royaume, s'en approche, elle semble aspirée par une forte puissance magique. Shaolan la retient, mais les souvenirs et l'âme de Sakura s'envolent, dispersés à travers les dimensions, sous forme de plumes. Yukito, grand prêtre du royaume, transporte alors Shaolan et Sakura dans une autre dimension où vit Y_ko, la sorcière des dimensions capable d'exaucer n'importe quel vœu. Prêt à tout pour sauver Sakura, dont le corps sans mémoire ne survivra pas longtemps, Shaolan accepte le prix à payer, imposé par Y_ko : il pourra récupérer tous les souvenirs de son amie mais leur rencontre et tout ce qu'ils ont vécu ensemble disparaîtra de la mémoire de Sakura à son réveil. Aidé par Kurogane, ninja envoyé par la princesse Tomoyo afin de canaliser ses pulsions meurtrières, Fye, qui fuit son Monde d'origine, et Mokona Modoki, une « boule de poil blanche » (proche du marshmallow ou du manjuu) qui leur permet de contacter Y_ko en cas de problème et de se déplacer à travers les dimensions, Shaolan va se mettre en quête des souvenirs de Sakura. Mais ceux-ci renferment une immense puissance qui attire de nombreuses convoitises…;1;5;4;FALSE;Clamp;Pika Édition;2003;Shonen;
Mermaid Saga;Yuta, un pêcheur, mangea de la chair de sirène avec ses amis. Certains moururent dans d'atroces souffrances, d'autres se transformèrent en monstres appelés « Âme perdue ». Mais Yuta devint immortel. La seule façon de tuer un immortel est de lui couper la tête. Dans le Japon actuel, Yuta (âgé de 500 ans), rencontre dans un village perdu une fille appelée Mana, capturée par des sirènes qui veulent la dévorer. Pour redevenir jeunes et belles, elles doivent manger de la chair de jeune fille immortelle. Apprenant cela, Yuta s'échappe avec Mana, leur but étant de trouver un moyen pour redevenir mortels. Au fil de leurs aventures, ils rencontreront d'autres immortels. Certains épisodes relateront également de la vie passée de Yuta, avant sa rencontre avec Mana.;1;1;-;FALSE;Takahashi Rumiko;Glénat;1984;Shonen;
Magic Knight Rayearth;Lors d'une visite scolaire dans la Tour de Tokyo, Hikaru, Fuu et Umi, collégiennes de quatorze ans, se retrouvent soudainement dans un monde mystérieux. Ce monde de Céphiro, dans lequel tout est déterminé par la volonté, est menacé de destruction. La princesse Émeraude, pilier du monde, a été séquestrée par Zagato, et ne peut plus prier pour la paix de Céphiro. Utilisant sa magie, la princesse Émeraude a donc appelé d'un autre monde trois personnes, qui devront devenir les légendaires Magic Knights et sauver le monde de la destruction en utilisant les Epées d'Escudo de Presea et les pouvoirs des Dieux-Runes, de gigantesques robots géants dotés d'une vie et d'une conscience propres.;1;6;-;TRUE;Clamp;Pika Édition;1993;Shojo;
Death Note;Light Yagami est un lycéen surdoué qui juge le monde actuel criminel, pourri et corrompu. Sa vie change du tout au tout le jour où il ramasse par hasard un mystérieux cahier intitulé « Death Note ». Le mode d'emploi inclus dans ce carnet indique que « la personne dont le nom est écrit dans ce cahier meurt ». D'abord sceptique, Light décide toutefois de tester le carnet et découvre que son pouvoir est bien réel. Il rencontre l'ancien propriétaire du Death Note, un dieu de la mort nommé Ryûk. Celui-ci déclare avoir volontairement laissé tomber son carnet dans le but de se divertir. Light décide d'utiliser le Death Note pour exterminer les criminels, dans le but d'éradiquer le Mal et de bâtir un monde parfait dont il sera le dieu. Il apprend peu à peu à se servir des pouvoirs du cahier et de ses règles. L'utilisateur peut seulement tuer une personne dont il connait le visage, en y inscrivant son prénom ainsi que son nom de famille. Il dispose également de la possibilité d'en préciser la cause ainsi que les circonstances détaillées, la cause par défaut étant la crise cardiaque. Les nombreuses morts inexpliquées de criminels à travers le monde attirent l'attention d'Interpol et du mystérieux L, un détective capable de résoudre n'importe quelle énigme, mais dont personne ne connaît l'identité. L décide d'enquêter pour capturer le tueur en série, surnommé par le grand public « Kira » (__?, dérivé de la prononciation japonaise de « killer »). Entre Light et L, tous deux persuadés d'agir pour la justice, s'engage un duel psychologique et acharné dont sortira vainqueur celui qui trouvera en premier l'identité de l'autre.;1;13;-;TRUE;Ôba Tsugumi;Kana;2003;Shonen;
Alice 19th;Alice Seno, quinze ans, est amoureuse de Kyo Wakamiya, mais ne peut avouer son amour car sa sœur Mayura sort avec lui. Un jour Alice sauve un lapin, qui se transforme en jeune fille nommée Nyozeka qui dit à Alice qu'elle a le potentiel de devenir un rôtêsu master - ou lotis master, personne capable d'utiliser le pouvoir des mots. Alice, qui n'y croit pas, se dispute avec sa sœur et lui demande de disparaître... ce qui se produit. Alice a en effet utilisé accidentellement ce pouvoir. Pour sauver Mayura, prisonnière de la noirceur de son propre cœur, Alice, aidée de Wakamiya et Frey,un grand lotis master qui est apparu et qui semble ne pas lâcher Alice car il est amoureux d'elle, qui se révèle également être capable d'utiliser ce pouvoir, va tout faire pour apprendre à maîtriser cette force.;1;7;-;TRUE;Watase Yû;Glénat;2001;Shojo;
Utena La Fillette Révolutionnaire;Utena la fillette révolutionnaire est l'histoire d'une jeune fille de 14 ans, Utena, qui a rencontré un prince monté sur un cheval blanc alors qu'elle était très jeune et venait de perdre ses parents. Il lui a offert une bague en souvenir de leur rencontre et elle rêve de le retrouver un jour. Mais surtout, Utena a été si impressionné par le prince qu'elle souhaite devenir un prince elle-même, bien qu'elle soit une fille. Élève à l'établissement scolaire Ohtori, elle s'y retrouve mêlée à une étrange compétition entre les membres du conseil des élèves, qui se livrent des duels à l'épée pour obtenir le pouvoir de révolutionner le monde.;1;5;-;TRUE;Saito Chiho;Pika Édition;1996;Shojo;
Mail;Alors qu’elle procède à une séquence de prises de vues sur le bord d’une rivière, Mlle Harada, une photographe, découvre un squelette humain dont le crâne, toutefois, reste introuvable. Une découverte macabre qui vaudra au moins à la photo qu’elle en prendra de faire les gros titres des journaux. Mais c’est en jetant un coup d’œil à ses autres photos que la jeune femme est prise d’un frisson : quelle est donc cette silhouette d’enfant parfaitement visible en arrière plan ? Et pourquoi… n’a-t-elle pas de tête ? Décidée à y voir plus clair, la photographe contacte un détective pas tout à fait comme les autres, Reiji Akiba, qui, en tant que médium, semble posséder un flair hors du commun pour résoudre certaines affaires dites surnaturelles. Leur enquête les mènera dans une vieille demeure, apparemment abandonnée depuis des années. Là, dans un cellier, à l’abri des regards, ils trouveront le cadavre d’un homme curieusement bien conservé et, vision obscène, plusieurs têtes de jeunes filles conservées dans des bocaux. Mais le cadavre est devenu esprit, et c’est de lui qu’il faut désormais se défier…;1;3;-;TRUE;Yamazaki Hôsui;Pika Édition;1999;Seinen;
Appare Jipangu !;À la fin de l’époque Edo, Yusura, 15 ans, exerce la profession d’effaceuse de tristesse. Tout bébé elle a été abandonnée sous un arbre avec un sabre magique, qui transforme la tristesse des gens en énergie. Elle a été élevée en tant que fille unique d’une famille de pharmaciens. Très peu féminine, elle sauve un jour un jeune garçon du nom de Samon, qui vient vivre dans la maison de ses parents...;1;3;-;TRUE;Watase Yû;Tonkam;1998;Shojo;
"Tsubasa ; les Ailes d'Argent";"Fin de la Seconde Guerre mondiale; les Japonais multiplient les attaques-suicide contre les Américains. Daisuke Shibusawa est volontaire pour faire partie de « l'escadrille spéciale d'intervention ». Que peut-il bien se passer dans la tête d'un kamikaze ?";1;1;-;TRUE;Tachihara Ayumi;Panini;1997;Seinen;
Bleach;Le récit commence en 2001 au Japon dans la ville fictive de Karakura. Ichigo Kurosaki, lycéen de 15 ans, arrive à voir, entendre et toucher les âmes des morts depuis qu'il est tout petit. Un soir, sa routine quotidienne vient à être bouleversée à la suite de sa rencontre avec une shinigami (littéralement « dieu de la mort »), Rukia Kuchiki, et la venue d'un monstre appelé hollow. Ce dernier étant venu dévorer les âmes de sa famille et la shinigami venue le protéger ayant été blessée par sa faute, Ichigo accepte de devenir lui-même un shinigami afin de les sauver. Cependant, le transfert de pouvoir, censé être temporaire et partiel, est complet et ne s'achève pas. Ichigo est forcé de prendre la responsabilité de la tâche incombant à Rukia Kuchiki. Il commence donc la chasse aux hollows tout en protégeant les âmes humaines. Le début est centré sur une chasse aux mauvais esprits relativement peu puissants, avec un simple sabre. L'histoire va peu à peu se diriger vers un vaste complot mystico-politique après l'apparition des premiers autres shinigami. Les batailles au sabre du commencement vont alors se métamorphoser en combats dantesques avec des armes aux pouvoirs surprenants et variés, et parfois aux proportions gigantesques.;1;21;"14;17;18";FALSE;Kubo Tite;Glénat;2002;Shonen;
Love Hina;"Keitar_ Urashima est un jeune homme de 19 ans qui essaie tant bien que mal d'intégrer la prestigieuse T_dai, afin de tenir la promesse qu'il a faite à une fille quinze ans plus tôt. Il caresse l'idée de la revoir là-bas ; il a échoué deux fois au concours d'entrée, il ne se souvient plus du prénom de la jeune fille et sait encore moins à quoi elle ressemble. Mis à la porte par ses parents, Keitar_ espère pouvoir être hébergé par sa grand-mère qui possède une auberge traditionnelle : l'Hôtel Hinata. À son arrivée cependant, il ne trouve personne et pense pouvoir prendre un peu de bon temps dans le rotenburo. Il sera malheureusement pris pour un voyeur car depuis son enfance, l'hôtel est devenu une pension pour jeunes filles. Tiré cependant du mauvais pas par sa tante, il commence alors une nouvelle vie comme gérant de la pension... On remarque que la plupart des épisodes se terminent par une scène de bain ou encore une scène ou Keitar_ se fait frapper et envoler par les filles et surtout Naru.";1;14;-;TRUE;Akamatsu Ken;Pika Édition;1999;Shonen;
Old Boy;L'histoire d'un homme enlevé et enfermé pendant quinze ans de force dans une cellule sans connaître la raison de ce rapt. C'est alors que, sans aucune raison, ses geôliers le libèrent. L'homme ne se donnera qu'un seul objectif : trouver les responsables de son enlèvement.;1;8;-;TRUE;Garon Tsuchiya;Kabuto;1997;Seinen;
Chobits;"Après avoir échoué à l'examen d'entrée à l'université, Hideki Motosuwa décide d'aller suivre des cours de rattrapage à Tokyo. Il se trouve également un petit travail, pour se faire un peu d'argent. C'est dans cette ville qu'il y découvre les persocom, des ordinateurs personnels à forme humaine. Un soir, le jeune homme découvre parmi un tas d'ordures un persocom abandonné à l'apparence d'une belle jeune fille. Fasciné, il décide de le ramener chez lui et l'active… Ce persocom ne fait que répéter les mêmes gestes, et ne sait dire que ""Tchii"". Hideki la surnomme ainsi, et petit à petit lui apprend à parler. Mais Tchii n'est peut-être pas un ordinateur ordinaire… Il se pourrait qu'elle soit un Chobits, un Persocom au pouvoir dépassant l'entendement.";1;8;-;TRUE;Clamp;Pika Édition;2001;Shonen;
YuYu Hakusho;Yusuke Urameshi, quatorze ans, est le parfait voyou : bagarreur et rebelle. Pourtant, un jour, il meurt en sauvant un petit garçon d'un accident, mais cet enfant aurait survécu miraculeusement même si Yusuke n'était pas intervenu. Non prévu par les instances du royaume des morts, son sacrifice pose problème. C'est pourquoi on lui propose de revenir à la vie, après avoir réussi à prouver qu'il en est digne. Il devient alors détective du monde des esprits sans le savoir, et est doté de pouvoirs qui l'aideront dans ses différentes tâches, aussi bien dans le monde des humains que dans celui des esprits.;1;19;-;TRUE;Togashi Yoshihiro;Kana;1990;Shonen;
BLAME !;Killy est un enquêteur à la recherche d'un terminal génétique2 (et d'un porteur de gènes sains). Il travaille indirectement pour le compte d'un certain bureau gouvernemental, instance de la résosphère. Au cours de sa quête, il rencontre Shibo, une scientifique qui se propose de l'accompagner. Shibo et Killy doivent faire face à des silicates, ainsi qu'à des sauvegardes, étranges créatures poursuivant un but bien précis dans une guerre technologique où il n'y a ni pitié ni prisonniers.;1;10;-;TRUE;Nihei Tsutomu;Glénat;1997;Seinen;
Paradis; Ces sept histoires se déroulent dans le bassin minier de Chikuhô, région de l’île de Kyûshû et pays natal de l’auteur. La misère de la mine est universelle et nul doute que les mines lorraines, anglaises ou silésiennes connaissent aussi ces personnages rêvant de soleil et finissant par se contenter de la chaleur de la lune.;1;1;-;TRUE;Shin'ichi Abe;Philipe Picquier;1973;Seinen;
GUNNM;Parcourant la décharge, Daisuke Ido découvre une tête de cyborg encore intacte parmi les débris et décide de la sauver. Ido est un « docteur en cybernétique », il répare les cyborgs endommagés dans son atelier de Kuzutetsu, ville poubelle au-dessus de laquelle flotte Zalem, la mystérieuse cité volante. À son réveil, le cyborg n'a aucun souvenir. Ido l'appelle Gally et l'adopte, lui offre un nouveau corps mécanique et la traite comme sa propre fille. Afin de lui donner le meilleur, Ido a besoin d'argent. Il reprend alors discrètement son travail de « Hunter Warrior ». Gally, innocente aux yeux d'Ido, sera confrontée à la violence et retrouvera certaines sensations de son passé, redécouvrant son talent pour le combat. En affrontant de nombreux adversaires et en se lançant dans l'aventure, Gally combat avant tout pour son humanité.;1;7;-;FALSE;Kishiro Yukito;Glénat;1991;Seinen;
GUNNM Last Order;L'histoire de Gunnm Last Order reprend la saga originelle (tome 9) au moment où Gally est prise dans un piège tendu par le professeur Desty Nova. Malgré ses talents guerriers, elle ne peut échapper à l'explosion et son corps est littéralement pulvérisé. Cependant, Nova avait d'autres plans que de la faire disparaître : il est conscient du potentiel hors du commun de Gally et ne veut pas gaspiller cette puissance. Pour autant il ne souhaite pas la contrôler non plus. En fait, c'est la curiosité qui le motive : il veut observer comment elle va changer le monde autour d'elle. Il la recrée alors de toute pièce dans son laboratoire sur Zalem avec l'aide de son jeune assistant, Jim Roscoe. Pour lui donner les moyens de réaliser son destin, il la dote d'un nouveau corps ultra-performant, l'Imaginos, réalisé à partir de sa lame de Damas. Mais tout ne se passe pas comme prévu. En sortant du laboratoire, Gally découvre un véritable carnage : le cadavre de Nova déchiqueté et bientôt des dizaines d'autres corps de citoyens de Zalem qui gisent çà et là. Dans ce chaos général, Gally se met à la recherche de Lou, une quête qui prendra des proportions inattendues...;1;1;-;FALSE;Kishiro Yukito;Glénat;2001;Seinen;
Jusqu'à ce que la Mort nous sépare;Haruka T_yama possède le don de dire l’avenir avec une précision de 90 %. Ce pouvoir fait d'elle la cible de diverses organisations de yakuzas. Ayant prédit la venue d'un homme pour la sauver, homme qui justement se trouve dehors au milieu de la foule, elle s'échappe et rejoint son sauveur. Elle passe alors avec lui un pacte qui durera jusqu'à ce que la mort les sépare. Ainsi, Mamoru (qui veut aussi dire « protéger » en japonais), homme au passé mystérieux et de surcroît aveugle se voit chargé de protéger la fillette. Mais ceux qui vont se frotter à lui vont bien vite se rendre compte qu'ils n'ont pas affaire avec un banal aveugle. Mercenaire r_nin expert en arts martiaux, il travaille pour Elements Network, une organisation financée par des victimes de crimes et chargée de suppléer à la police impuissante face à certaines organisations criminelles.;1;13;-;FALSE;"Takashige Hiroshi; DOUBLE S";Ki-oon;2005;Seinen;
Rurouni Kenshin (Kenshin le Vagabond);Après avoir participé à la guerre du Bakumatsu, Himura Kenshin erre dans la campagne japonaise, offrant aide et protection aux personnes dans le besoin pour expier les meurtres qu'il a commis.;1;4;-;FALSE;Watsuki Nobuhiro;Glénat;1994;Shonen;
Bloody Monday;Un espion russe est retrouvé assassiné au Japon, le seul indice sur les raisons de sa mort se trouve sur une puce informatique qu'il a réussi à cacher de son meurtrier. Fujimaru Takagi, jeune hacker de génie, connu sous pseudonyme Falcon, collabore avec la Third-I, l'agence gouvernementale d'investigation de la sécurité publique, pour décoder les informations présentes sur la puce. Dans le même temps, son père, Ryûnosuke Takagi, sous-directeur de l'agence, est recherché pour le meurtre de l'agent russe, il est donc condamné à se cacher le temps que son fils découvre l'identité du vrai tueur. Fujimaru déchiffre, avec ses amis, une vidéo intitulée Carnage de Noël où l'on peut voir tout un village se vider de son sang. Le petit génie du hacking et ses amis en déduisent que seul un virus serait capable de faire une telle chose. Les choses se compliquent encore lorsque la terroriste Maya Orihara, responsable de tout ceci et ayant eu vent que Fujimaru pouvait remettre en cause ses projets, va tenter de se rapprocher du hacker et de ses amis en s'infiltrant dans leur lycée en tant que professeur.;1;5;-;FALSE;"Megumi Kouji; Ryûmon Ryô";Pika Édition;2007;Shonen;
Ultra Maniac;"Ayu Tateishi, collégienne, aide un jour une camarade, Nina Sakura, à retrouver un objet perdu et très important pour elle. En échange, celle-ci lui explique qu'elle est une sorcière qui, ayant raté des examens, est venue sur Terre pour se perfectionner. Elle lui propose d'utiliser sa magie pour résoudre certains de ses problèmes. Malheureusement, Nina est plutôt maladroite, et sa magie conduit souvent à des catastrophes ou quiproquos. Ayu est amoureuse de Tetsushi Kaji qui est dans la même classe. Il est membre du club de baseball. Toujours relaxé, il joue la comédie pour plaire à Ayu qu'il aime secrètement. Son meilleur ami s'appelle Hiroki Tsujiai, ils sont toujours ensemble. Il est président du club de tennis. Il est fan des mêmes mangas que Nina. Le meilleur ami d'enfance de Nina, Yuta Kirishima, est également un sorcier. Il est bien plus doué qu'elle, et n'hésite pas à utiliser la magie au risque de se faire remarquer par les êtres humains ordinaires. Bien qu'il semble attiré par Ayu, il est secrètement amoureux de Nina mais sortira plus tard avec Sayaka. Nina a un chat, Rio, il peut se transformer en petit garçon quand Nina lui donne un bonbon magique. Sayaka Nakamura est une très belle fille, populaire à l'école. Elle est connue en tant que ""poupée de glace"", parce qu'elle rejette tous les garçons qui tentent de l'approcher. Elle voudrait sortir avec Yuta (et elle sortira avec). Elle est demi-magicienne car son père était un humain et sa mère une magicienne mais lorsque sa mère est morte elle était si jeune qu'elle ne savait pas qu'elle avait des pouvoirs. Ensuite, Nina apprendra qu'elle a réussi ses tests pour rentrer à l'école élitiste du Royaume magique, Etollia. Elle décide d'y entrer pour un cursus de trois ans, puis rentrera sur Terre.";1;5;-;TRUE;Yoshizumi Wataru;Glénat;2002;Shojo;
EDEN;Cette histoire se passe dans le futur, après l'apparition d'un virus qui décime une partie de l'humanité : celui-ci calcifie la peau des personnes infectées et liquéfie les organes internes, les laissant dans des souffrances atroces. Ce qui a accéléré également les travaux sur la cybernétisation des organes et membres qui ont dus être amputés pour enrayer la propagation du virus au reste du corps. Histoire portée entre terrorisme, biotechnologie, policier, mafia et affaires géopolitiques complexes.;1;9;"4;5;6;7";FALSE;Endo Hiroki;Panini;1998;Seinen;
Reset;Des gens tentent de se tuer dans d'étranges circonstances. Un slogan flotte sur les murs : « Votre vie est un échec. Appuyez sur reset. » Une jeune femme, un professeur débutant et un hacker se retrouve impliqué dans un jeu de réalité alternative morbide.;1;1;-;TRUE;Tsutsui Tetsuya;Ki-oon;2005;Seinen;
Angel Sanctuary;Setsuna Mudô, seize ans, est follement amoureux de sa sœur Sara. À cause des règles sociales, il vit très mal cet amour interdit. Sa situation se complique quand interviennent deux démons, Kouraï et Arachnée, qui lui apprennent qu'il est la réincarnation de l'ange organique Alexiel, qui autrefois se dressa contre Dieu. Pendant ce temps Katan, un ange de très haut niveau, met la dernière touche à son projet de résurrection de Rochel, le frère d'Alexiel enfermé il y a bien longtemps par celle-ci après un combat acharné.;1;3;1;FALSE;Kaori Yuki;Tonkam;1994;Shojo;
Sous un rayon de soleil;Sara Nichikujo est une fillette normale en apparence. Elle vit avec son père et l'aide à tenir sa boutique de fleurs. Mais Sara cache un secret: Elle est capable de ressentir les émotions des végétaux et de communiquer avec eux. Elle va faire la connaissance de Tatsuya Kitazaki. Elle lui montrera que les végétaux ont aussi un « cœur » et qu'ils peuvent ressentir des émotions. Sara cache également un autre secret bien plus lourd. En effet, son corps ne vieillit pas. Elle est contrainte à vivre avec une apparence d'enfant.;1;3;-;TRUE;Hojo Tsukasa;Tonkam;1994;Shonen;
Naruto;L'histoire commence pendant l'adolescence de Naruto, vers ses douze ans. Orphelin cancre et grand farceur, il fait toutes les bêtises possibles pour se faire remarquer. Son rêve : devenir Hokage afin d'être reconnu par les habitants de son village. En effet, le démon renard à neuf queues scellé en lui a attisé la crainte et le mépris des autres villageois, qui, avec le temps, ne font plus de différence entre Kyûbi et Naruto. Malgré cela, Naruto s'entraîne dur afin de devenir genin, le premier niveau chez les ninjas. Après plusieurs essais, il arrive finalement à recevoir son bandeau frontal de Konoha et la promotion qui va avec. Il est alors inclus dans une équipe de trois apprentis ninjas, avec Sakura Haruno et le talentueux Sasuke Uchiha. Peu après, ils rencontrent leur j_nin, celui qui s'occupera de leur formation : le mystérieux Kakashi Hatake. Au début craint et méprisé par ses pairs, il va peu à peu monter en puissance et gagner le respect et l'affection des villageois grâce notamment aux combats dantesques qu'il remportera face aux ennemis les plus puissants de Konoha.;1;2;-;FALSE;Kishimoto Masashi;Kana;1999;Shonen;
Bastard !!;400 ans après la chute de la civilisation moderne, dans un monde redevenu médiéval, où la guerre fait rage... Pour sauver le royaume de Meta-Licana, Tya Note Yoko, 14 ans, fille du grand mage du pays, ressuscite le légendaire magicien Dark Schneider [D.S.], qui 15 ans plus tôt a tenté de conquérir le monde à la tête de troupes démoniaques. D.S., magicien démoniaque s'il en est, au moment d'être vaincu, a prononcé une formule lui permettant de revenir à la vie, mais a vu son âme enfermée par le grand mage dans le corps de Lucié Lenlen, 14 ans également, orphelin élevé aux côtés de Yoko, et d'une gentillesse à toute épreuve. Bizarrement, D.S., ressuscité, obéit, bon gré mal gré, à Yoko, et aide le royaume de Meta-Licana, attaqué par les troupes de Kal Su, qui 15 ans plus tôt était un des lieutenants de D.S. lui-même. Le but de Kal Su est de ressusciter Anthrax, le légendaire Dieu de la destruction, qui 400 ans plus tôt détruisit l'opulente civilisation... L'histoire est basée presque uniquement sur la magie. La plupart des sorts utilisés par les personnages portent les noms de groupes de metal (Venom, Megadeth, Helloween, Arch Enemy, ...). On peut également noter que la technologie est vue comme un forme de magie : la magie des anciens.;1;2;-;FALSE;Hagiwara Kazushi;Glénat;1988;Seinen;
NoriTaka;"Noritaka raconte l'histoire d'un jeune lycéen qui, dans les premières pages, est maigrelet, peu attirant (il se fait notamment surnommer ""caca""), et amoureux d'une fille de sa classe (Nakayama). Et parce qu'elle lui dit détester les faibles, il décide, par désir de ne plus en être un et de l'impressionner (par son courage, sa force), d'apprendre les arts martiaux. Il rencontre alors Maruyama, qui lui enseigne le muay thaï. Et plonge dans un univers où chaque combat le fait rencontrer un adversaire plus fort que le précédent.";1;2;-;FALSE;"Hamori Takashi; Murata Hideo";Glénat;1991;Shonen;
Sand Land;Sand Land raconte l’histoire de Beelzebub, le Prince des Démons accompagné de Thief et d’un ancien shérif nommé Lao. Dans un monde futuriste connu sous le nom de Sand Land, la seule rivière qui alimentait le monde entier a soudainement été asséchée et la seule source d’eau potable est en possession du roi qui n’hésite pas à pratiquer des prix exorbitants. Les démons et les humains vivent ensemble dans ce monde de sécheresse jusqu’à ce que le shérif Lao informe Beelzebub de l’éventuelle existence d’une fontaine qui pourrait subvenir aux besoins des humains et des démons. Beelzebub et son ami Thief décident de l’accompagner à la recherche de cette ressource.;1;1;-;TRUE;Toriyama Akira;Glénat;2000;Shonen;
Shaman King;Manta est un collégien très ordinaire. Un jour, traversant un cimetière pour gagner du temps, il rencontre Yoh, un shaman. Yoh peut voir les fantômes, et fusionner avec eux pour utiliser leurs compétences. Son rêve est de devenir Shaman King, le shaman possédant le fantôme ultime, le Great Spirit, la connaissance universelle. Mais la route est semée d'embûches, et de nombreux autres shamans ont le même objectif : gagner le Shaman Fight !;1;2;-;FALSE;Hiroyuki Takei;Kana;1998;Shonen;
Claymore;Les Claymores sont des guerrières mi-humaines mi-démons auxquelles font appel les villageois pour se protéger de monstres tels que les démons. Craintes et redoutées, on les distingue à leurs yeux argentés et à l'épée gigantesque qu'elles portent sur le dos, d'où leurs appellations par les humains de « sorcières aux yeux d'argent » ou bien de « Claymore » (le nom du type d'épée qu'elles utilisent). Claire est l'une d'elles. Appelée dans un village pour éliminer les démons qui attaquent et dévorent la population, elle tue l'avant-dernier membre, devenu monstre, d'une famille déjà décimée. Le dernier survivant, Raki (__?), se retrouvant seul, décide alors de la suivre dans ses aventures sanguinaires, en tant que cuisinier. Il découvrira peu à peu les secrets et le destin tragique de ces femmes singulières.;1;2;-;FALSE;Norihiro Yagi;Glénat;2001;Shonen;
Galaxy Express 999;Tetsur_ Hoshino est un jeune terrien qui voit sa mère se faire assassiner devant ses yeux par un androïde. N'ayant plus rien qui le retient, il décide de partir vers une planète où les corps d'androïdes sont gratuits. Le seul moyen de parvenir à ses fins, c'est d'embarquer sur le Galaxy Express pour atteindre Andromède. Mais le billet coûte cher. C'est alors qu'il rencontre Maetel qui lui offre un billet pour l'espace à bord du train. Maetel est une jeune femme très mystérieuse. Leur voyage va les amener sur des planètes toutes aussi étranges les unes que les autres, parfois très différentes de la Terre, chaque arrêt sur l'une d'elles étant l'occasion pour Tetsoro d'avoir une réflexion sur l'être humain, ses actions et l'immortalité. Au cours de leurs voyages, Tetsuro et Maetel rencontreront, entre autres, Emeraldas et Albator.;1;2;-;FALSE;Matsumoto Leiji;Kana;1977;Shonen;
Ayako;"Jirô Tenge est agent secret pour les forces américaines. Il a été prisonnier lors de la Seconde Guerre Mondiale. Il revient aujourd'hui au Japon, son pays natal, pour retrouver sa famille. Et il découvre que durant son absence, la petite Ayako, sa nouvelle petite ""sœur"" âgée de quatre ans, est venue au monde. Durant son séjour chez lui, Jirô est sollicité pour une mission délicate qui requiert beaucoup de sang-froid. L'étonnement sera d'autant plus grand chez lui lorsqu'il découvrira le degré d'implication de certaines personnes dans cette affaire...";1;3;-;TRUE;Tezuka Osamu;Delcourt;1973;Seinen;
Nodame Cantabile;"Noda Megumi (dite Nodame) est une étudiante en piano de la prestigieuse école de musique Momogaoka. Plutôt négligée, désordonnée et extravagante, elle est autodidacte dans sa pratique pianistique. Sa mémoire auditive exceptionnelle lui permet de retranscrire sur le clavier des œuvres musicales qu’elle n’a entendu qu’une seule fois. Elle ignore les partitions, ce qui mène à des interprétations peu fidèles, compensées cependant par une technique et un toucher excellents.Un soir, elle trouve son voisin de palier endormi et ivre devant sa porte. Elle décide de l’héberger. Il s’agit de Shin’ichi Chiaki, pianiste et violoniste talentueux, perfectionniste et un brin hautain. À son réveil, le garçon s’enfuit effrayé et surpris. Ils se retrouvent dans la même leçon particulière de piano, et exécutent un duo brillant. Nodame tombe amoureuse de Shin’ichi, sans réciprocité, ce dont elle se contente…Shin’ichi, fils d’un célèbre pianiste, a passé son enfance en Europe (Prague, Paris, Berlin, Vienne…) ; il a sympathisé avec Sebastiano Viera, un éminent chef d’orchestre et envisage à son tour ce métier.En cours d’année, un chef d’orchestre allemand renommé, Franz von Stresemann, rejoint l’académie Momogaoka pour y enseigner. Shin’ichi, après moult péripéties, en vient à assister Stresemann dans la création et la direction d’un orchestre.";1;1;-;FALSE;Ninomiya Tomoko;Pika Édition;2001;Jôsei;
.hack : Le bracelet du crépuscule;"Les jumeaux Shugo et Lena ont été sélectionné pour incarner les avatars des héros légendaires ""Kite"" et ""Black Rose"" dans ""The world"", le plus grand jeu en ligne jamais crée. Dans ce monde virtuel, ils vont faire la rencontre de bien étranges personnages surtout depuis que Shugo a hérité d’un bracelet aux mystérieux pouvoirs. Ils entament alors la quête qui leur a été confiées, partir à la recherche des .hackers (dot.hackers) et sauver le monde virtuel...";1;1;-;FALSE;"Hamazaki Tatsuya; Izumi Rei";Panini;2002;Shonen;
Iron Wok Jan !;Aucun synopsis pour le moment…;1;1;-;FALSE;Saijo Shinji;Soleil Manga;1995;Shonen;
Trigun;L'histoire se déroule dans un univers proche de celui du western, sur une planète brûlée par les rayons de deux soleils. Les restes d'une technologie avancée contrastent avec le mode de vie de la population. C'est dans cet univers qu'entre en scène Vash the Stampede, vil brigand ayant sur sa tête une prime de soixante milliards de double dollars pour avoir causé la destruction d'une ville. Cette destruction a affecté directement plus d'un million de personnes. L'animé et le manga dépeignent ses tribulations et aventures pour sa quête de vérité accompagné par Meryl et Milly, deux employées d'assurance chargées de veiller à ce qu'il fasse le moins de dégâts possibles.;1;1;-;FALSE;Nightow Yasuhiro;Tonkam;1996;Shonen;
Paradise Kiss (intégrale);Yukari Hayasaka, lycéenne, étudie sans cesse pour les examens d'entrée à l'université, ne prenant pas tellement le temps de s'amuser. Elle est amoureuse d'un garçon de sa classe, Hiroyuki, qui ne semble pas s'en rendre compte. Une rencontre fortuite dans la rue avec Arashi et Isabella, à l'allure originale, la fait s'évanouir. Elle se retrouve dans l'atelier, endroit où plusieurs étudiants de l'école de mode Yaz'Art travaillent à fabriquer des vêtements. À sa grande surprise, ils lui demandent de représenter leur marque ParaKiss, qu'ils tentent de vendre, en portant une de leurs créations (une robe) et être leur mannequin pour le défilé qui a lieu dans quelques semaines, ce qui leur permettra de valider leur dernière année. Hésitante, Yukari comprend que c'est quelque chose qu'elle a envie de faire, allant jusqu'à abandonner l'école et s'enfuir de chez elle car sa mère, farouchement opposée à ses projets, refuse la proposition. Son choix d'accepter est également lié à l'attraction étrange qu'elle ressent pour le mystérieux styliste de la bande, George, qui lui fera connaitre ce que c'est que de vivre passionnément.;1;1;-;TRUE;Yazawa Ai;Kana;2000;Shojo;
Family.Compo;Après la mort de ses parents, Yanagiba va découvrir que sa seule famille vivante est un couple de travestis, la femme étant la sœur de sa mère. Il va tomber amoureux de leur fille, mais va se demander si elle aussi est un travesti. Yanagiba, qui suit des cours à la fac, va être sollicité par les membre du club d'amateurs de cinéma. En effet, ceux-ci sont persuadés que Yanagiba a un physique de travesti et ils ont besoin de lui pour leur prochaine production.;1;8;-;FALSE;Hojo Tsukasa;Tonkam;1997;Seinen;
Hikaru no GO;Le jeune Hikaru découvre un jour dans le grenier de son grand-père un goban (plateau de go). L'objet se révèle hanté par un fantôme nommé Saï, ancien professeur de go de l'empereur sous l'ère Heian. Saï se retrouve piégé dans l'esprit d'Hikaru et lui donne peu à peu le goût du go. Se laissant guider dans ses débuts par Saï, Hikaru rencontre et vainc Akira, un jeune prodige. Dès lors, les deux jeunes garçons ne vont cesser de progresser et de se poursuivre.Cette série introduit de manière ludique et souvent dramatique les règles de base et de nombreux aspects de la culture du go (technique, stratégie, esthétique, éthique, histoire) au sein d'un sh_nen. Le succès du manga comme de l'anime a d'ailleurs suscité un net regain d'intérêt pour le go chez les jeunes Japonais, puis dans le reste du monde suivant la diffusion de la série.;1;23;"4;9;11;13;16;17";TRUE;"Obata Takeshi; Hotta Yumi";Tonkam;1999;Shonen;
Saint Seiya;Dans la mythologie grecque, depuis la nuit des temps, lorsque les forces du Mal s’éveillent, des Chevaliers (Saints) vêtus de leurs armures (Cloth) font leur apparition pour protéger la Terre. On les appelle les Chevaliers d’Athéna (Atena no seinto). Lors de l’un de ses voyages en Grèce, Mitsumasa Kido fait la connaissance d’un garçon agonisant, Aiolos, Chevalier d’Or du Sagittaire. Celui-ci confie à Mitsumasa Kido l’armure d’Or du Sagittaire et Saori, un bébé. Aiolos présente la petite fille comme étant la réincarnation de la déesse Athéna. Il lui demande de trouver et d'entraîner des jeunes garçons courageux afin de protéger l’enfant, et le futur chevalier d'or du sagittaire.Athéna commande 88 chevaliers chacun associé à une constellation, et regroupés en 3 castes : bronze, argent et or. Il existe une caste secrète de Chevaliers noirs qui combattent ceux d’Athéna, usurpent leurs pouvoirs et possèdent les mêmes armures, leur seule différence avec les armures originelles étant leur couleur noire et leur moindre résistance.Les autres dieux entrant en guerre ont eux aussi leurs armées : les Marinas de Poseidon, les Spectres d'Hadès, les Guerriers d’Odin (dans la série d’animation uniquement), les Anges d'Artémis / Protecteurs de l'Olympe…;25;28;-;TRUE;Kurumada Masami;Kana;1986;Shonen;
Angel Heart;Angel Heart repose sur l'univers de City Hunter tout en développant une histoire alternative parallèle. Il ne faut ainsi donc pas voir dans Angel Heart une véritable suite de City Hunter. Quelques différences existent d'ailleurs pour le démontrer : les origines de Ryo Saeba comme City Hunter, la relation entre Ryo et Kaori Makimura, les circonstances de la mort d'Hideyuki Makimura et l'absence de plusieurs personnages importants dans City Hunter. Plusieurs années après la fin de City Hunter, une jeune tueuse à gages de 14 ans dont le nom de code est Glass Heart tente de mettre fin à ses jours en se jetant du haut d'un immeuble, ne supportant plus de semer la mort et le malheur. Elle échoue dans sa tentative, mais se retrouve empalée, le cœur transpercé. Parallèlement, Kaori, qui est sur le point de se marier avec Ryô Saeba, meurt en tentant de sauver un enfant sur le point de se faire renverser par un camion. Son cœur est intact, il est volé par l'organisation qui a engagé Glass Heart et greffé à cette dernière. Bizarrement, le cœur semble accompagné des souvenirs de son ancienne propriétaire, en particulier ses sentiments très forts vis-à-vis de Ryô Saeba. Glass Heart va donc essayer de retrouver celui qui occupe ses pensées et d'avoir une vie comme toutes les filles de son âge…;1;4;-;FALSE;Hojo Tsukasa;Panini;2001;Seinen;
Dream Team;L'histoire commence avec la rencontre entre Sora Kurumatani et Chiaki Hanazono qui lui demande quelque chose à manger. Après une discussion, Sora part à son nouveau au lycée et va dans le gymnase pour jouer au basket, mais il se rend vite compte que le club de basket n'est qu'un ramassis de racailles qui ne veulent pas y jouer. Comment faire pour construire son équipe et motiver les élèves ?;1;1;-;FALSE;Hinata Takeshi;Glénat;2004;Shonen;
Zetman;Jin est un garçon mystérieux. Il vit en autarcie avec pour unique parent son grand-père. C'est alors qu'un mystérieux professeur tente de mettre la main sur le jeune enfant. Pendant ce temps, un tueur en série rôde en ville. Il sera confronté à différentes tentatives de génération d'humains artificiels ayant échoué, cela donnant naissance à des monstres mutants aux pouvoirs extraordinaires. Le but de ce manga est de trouver, pour chacun de ces héros, une signification différente de la justice.;1;1;-;FALSE;Katsura Masakazu;Tonkam;2003;Seinen;
Tokkô;Cinq ans après le massacre de Machida, au cours duquel ses parents ont connu une mort aussi terrible qu’inexplicable, Shindô a pris la décision d’entrer dans la police. Affecté au secteur de Shibuya, il ne tarde pas à être confronté à des meurtres sauvages, liés à d’inquiétants individus à la force surhumaine. Ces zombies sont éliminés au sabre par Tokkô, une jeune fille appartenant à la section spéciale de la sûreté nationale..;1;1;-;FALSE;Fujisawa Tôru;Pika Édition;2004;Seinen;
Coq de combat;Ryô Narushima, 16 ans, est l'auteur de l'ignoble meurtre de ses parents, de riches notables japonais. Interné dans une maison de correction, il devient la victime des brimades et des sévices que lui infligent ses co-pensionnaires. Au coeur de cette violence omniprésente, il fait la connaissance d'un étrange professeur d'arts martiaux. Cette rencontre et une dernière entrevue avec sa soeur vont le transformer et l'esprit du combat va redonner un sens à sa vie. Un nouvel apprentissage commence.;1;19;-;FALSE;"Tanaka Akio; Hashimoto Izo";Delcourt;1998;Seinen;
Enfer & Paradis;S_ichiro et Bob sont deux bagarreurs, habitués à faire régner leur loi par les poings dans les établissements scolaires qu'ils fréquentent. Mais l'école dans laquelle ils sont transférés est spéciale : la T_d_ Academy est un conservatoire des arts martiaux, où chaque élève doit en pratiquer un. Après quelques troubles, ils sont contrés par Maya, sa sœur Aya et Masataka, du Jy_kenbu club. Ils se rendent alors compte qu'un puissant groupe, les Exécuteurs (Enforcer), règne sur le campus et qu'ils auront besoin du soutien du club pour devenir assez forts.;7;13;"8;9;10;11;12";FALSE;OH ! GREAT;Panini;1997;Seinen;
One Piece;"Nous sommes à l'ère des pirates. Luffy, un garçon espiègle, rêve de devenir le roi des pirates en trouvant le "" One Piece "", un fabuleux trésor. Par mégarde, Luffy a avalé un jour un fruit démoniaque qui l'a transformé en homme caoutchouc. Depuis, il est capable de contorsionner son corps élastique dans tous les sens, mais il a perdu la faculté de nager. Avec l'aide de ses précieux amis, il va devoir affronter de redoutables pirates dans des aventures toujours plus rocambolesques.";2;2;-;FALSE;Oda Eiichiro;Glénat;1997;Shonen;
One Punch Man;Saitama est un jeune homme sans emploi et sans réelle perspective d'avenir, jusqu'au jour ou il décide de prendre sa vie en main. Son nouvel objectif : devenir un super-héros. Il s'entraîne alors sans relâche pendant trois ans et devient si puissant qu'il est capable d'éliminer ses adversaires d'un seul coup de poing. On le surnomme désormais One-Punch Man. Mais rapidement, l'euphorie du succès cède place à l'ennui, car lorsqu'on est si fort, les victoires perdent de leur saveur...;1;3;-;FALSE;"ONE; Murata Yusuke";Kurokawa;2012;Seinen;
Free Fight - Origins;Seiko Miyazawa est le détenteur des secrets du Nadashinkageryu, un art martial ancestral capable de changer un homme en un assassin hors pair. Pourtant, le ‘‘tigre calme’’, bien que capable d’ôter la vie, préfère la respecter et cherche le bien en toute action. Mais il ne fait pas bon réveiller le tigre qui dort…;1;1;-;FALSE;Saruwatari Tetsuya;Tonkam;2004;Seinen;
Yotsuba & !;Koiwai Yotsuba est une énergique petite fille de cinq ans, qui vient d’emménager en ville. Elle vit entourée de son père, qui ne cesse de lui faire des recommandations et de ses nouveaux voisins : la famille Ayase, avec trois filles plus âgées dénommées Ena, Fuuka et Asagi. Chaque volume raconte la vie quotidienne de Yotsuba dans ce nouvel environnement.;1;2;-;FALSE;Azuma Kiyohiko;Kurokawa;2003;Seinen;
Berserk (jap);Dans un monde médiéval et fantastique, erre un guerrier solitaire nommé Guts, décidé à être seul maître de son destin. Autrefois contraint par un pari perdu à rejoindre les Faucons, une troupe de mercenaires dirigés par Griffith, Guts fut acteur de nombreux combats sanglants et témoin de sombres intrigues politiques. Mais il réalisa soudain que la fatalité n'existe pas et qu'il pouvait reprendre sa liberté s'il le désirait vraiment...;36;36;-;FALSE;Miura Kentaro;Glénat;1989;Seinen;
Kokou no Hito (jap);Buntarô Mori, lycéen ombrageux et solitaire n'a jamais cherché à s'intégrer à la société. Mais au détour d'un défi lancé par un camarade de classe fan d'escalade, il entreprend la périlleuse ascension d'un bâtiment scolaire. En atteignant le toit, il se sent réellement vivant pour la première fois de sa vie, jusqu'ici rongée par l'ennui. La découverte de l'alpinisme va ensuite lui révéler un talent inné, et lui faire découvrir une incroyable sensation de plénitude, qui agit comme une drogue...;5;7;-;FALSE;"Shin'ichi Sakamoto; Yoshiro Nabeda";Delcourt;2008;Seinen;
Moldiver Ongaku Hen (jap);Jeune inventeur de génie, Hiroshi met au point une combinaison aux pouvoirs phénoménaux pour devenir Moldiver, un super héros des temps modernes, adulés des médias …Jusqu’au jour où sa petite sœur traficote son armure de manière peu conventionnelle et lui pique la vedette en devenant une super héroïne vêtue de bas de soie et de talons aiguilles. Les deux frangins vont alors devoir combattre l’infâme professeur Machine Gril et sa horde d’odieuses complices, dont les plans machiavéliques visent à s’emparer des reliques de la technologie du passé, le tout dans la plus grande des confusions !;1;2;-;FALSE;Wakakusa Kei;Kaze;1993;Shonen;
Sensei! (jap);Pas de synopsis pour le moment…;1;6;-;FALSE;Kawahara Kazune;?;1997;Shojo;
Chicago (jap);Pas de synopsis pour le moment…;1;1;-;FALSE;Tamura Yumi;?;2001;Shojo;
Gravitation (jap);Gravitation, c’est avant tout l’histoire d’une rencontre inattendue et d’une relation improbable. Shûichi Shindô, lycéen de 17 ans, a formé un groupe de musique avec son meilleur ami Hiro et veulent participer au concours de musique de leur lycée. Seulement, Shûichi n’a toujours pas fini de composer la chanson qu’ils devront interpréter. En rentrant chez lui, il rencontre Yuki, un homme étrange qui critique très vivement le texte de sa chanson. Shûichi décide alors de retrouver cet homme à tout prix…;1;1;-;FALSE;Murakami Maki;Taifu;1996;Yaoi;
MangaBook 2006;Une compilation de manags et extraits de mangas (édition 2006);1;1;-;TRUE;-;Bamboo;2006;All;
;;;;;;;;;;